{
    "model_name": "AdaBoost",
    "Accuracy": 0.8903909821850859,
    "Precision": 0.8824582780440754,
    "Recall": 0.8903909821850859,
    "F1-Score": 0.8853493798895121,
    "AUC": 0.8626332507139111,
    "MCC score": 0.4998704036913874,
    "Entrenamiento (s)": 0.29070305824279785,
    "Predicción (s)": 0.005160093307495117,
    "Tiempo Total (s)": 0.29586315155029297
}