{
    "model_name": "Arbol de Decision",
    "Accuracy": 0.8440012612328551,
    "Precision": 0.8625656374076504,
    "Recall": 0.8440012612328551,
    "F1-Score": 0.8518173331829164,
    "AUC": 0.7350129124553371,
    "MCC score": 0.4151737933909259,
    "Entrenamiento (s)": 4.677076101303101,
    "Predicción (s)": 0.13933396339416504,
    "Tiempo Total (s)": 4.816410064697266
}