{
    "model_name": "Bagging (LR)",
    "Accuracy": 0.6644332334857324,
    "Precision": 0.8245867937635353,
    "Recall": 0.6644332334857324,
    "F1-Score": 0.7152915773829994,
    "AUC": 0.6720677987871579,
    "MCC score": 0.21219106028551962,
    "Entrenamiento (s)": 0.29070305824279785,
    "Predicción (s)": 0.005160093307495117,
    "Tiempo Total (s)": 0.29586315155029297
}