{
    "model_name": "Deep Learning (Base)",
    "Accuracy": 0.8193875137947344,
    "Precision": 0.8594727102492714,
    "Recall": 0.8193875137947344,
    "F1-Score": 0.8346505599826048,
    "AUC": 0.8376725279575257,
    "MCC score": 0.3928897091125649,
    "Entrenamiento (s)": 199.4565269947052,
    "Predicción (s)": 0.12829113006591797,
    "Tiempo Total (s)": 199.58481812477112
}