{
    "model_name": "Deep Learning (Class Weighting)",
    "Accuracy": 0.7682484628724578,
    "Precision": 0.8603476864366537,
    "Recall": 0.7682484628724578,
    "F1-Score": 0.7983225159743021,
    "AUC": 0.8321596609621131,
    "MCC score": 0.36896885466276347,
    "Entrenamiento (s)": 219.16273975372314,
    "Predicción (s)": 0.127777099609375,
    "Tiempo Total (s)": 219.29051685333252
}