{
    "model_name": "K-Nearest Neighbors",
    "Accuracy": 0.7587103894056441,
    "Precision": 0.8049108041022391,
    "Recall": 0.7587103894056441,
    "F1-Score": 0.7785296107092927,
    "AUC": 0.643789019768573,
    "MCC score": 0.17061489796591994,
    "Entrenamiento (s)": 0.053604841232299805,
    "Predicción (s)": 0.3534252643585205,
    "Tiempo Total (s)": 0.4070301055908203
}