{
    "model_name": "Random Forest",
    "Accuracy": 0.8960074097430238,
    "Precision": 0.8887143142524004,
    "Recall": 0.8960074097430238,
    "F1-Score": 0.8912680992022056,
    "AUC": 0.8521460954713518,
    "MCC score": 0.5261613137180752,
    "Entrenamiento (s)": 5.254501819610596,
    "Predicción (s)": 0.03535008430480957,
    "Tiempo Total (s)": 5.289851903915405
}