{
    "model_name": "Regresion Logistica",
    "Accuracy": 0.6640588049818698,
    "Precision": 0.8247784027410217,
    "Recall": 0.6640588049818698,
    "F1-Score": 0.7150110080380928,
    "AUC": 0.6720878588808488,
    "MCC score": 0.21265179801007084,
    "Entrenamiento (s)": 0.22980809211730957,
    "Predicción (s)": 0.001177072525024414,
    "Tiempo Total (s)": 0.23098516464233398
}