{
    "model_name": "SVM Linear",
    "Accuracy": 0.6589547532713227,
    "Precision": 0.8260780200843585,
    "Recall": 0.6589547532713227,
    "F1-Score": 0.71106285485261,
    "AUC": 0.6725183702702326,
    "MCC score": 0.21486401258723417,
    "Entrenamiento (s)": 0.07491302490234375,
    "Predicción (s)": 0.0016672611236572266,
    "Tiempo Total (s)": 0.07658028602600098
}