{
    "model_name": "XGBoost",
    "Accuracy": 0.9114772189815544,
    "Precision": 0.9041619805650907,
    "Recall": 0.9114772189815544,
    "F1-Score": 0.9036420640891262,
    "AUC": 0.8864244463925812,
    "MCC score": 0.5795943562504934,
    "Entrenamiento (s)": 0.29070305824279785,
    "Predicción (s)": 0.005160093307495117,
    "Tiempo Total (s)": 0.29586315155029297
}